username,sn,phrase,date,key,action,time
george,0.0,dslhbyj,2018-06-03 12:58:49.658198,D,Down,694791687
george,0.0,dslhbyj,2018-06-03 12:58:49.658198,S,Down,694791765
george,0.0,dslhbyj,2018-06-03 12:58:49.658198,D,Up,694791812
george,0.0,dslhbyj,2018-06-03 12:58:49.658198,S,Up,694791859
george,0.0,dslhbyj,2018-06-03 12:58:49.658198,L,Down,694791953
george,0.0,dslhbyj,2018-06-03 12:58:49.658198,L,Up,694792046
george,0.0,dslhbyj,2018-06-03 12:58:49.658198,H,Down,694792156
george,0.0,dslhbyj,2018-06-03 12:58:49.658198,H,Up,694792250
george,0.0,dslhbyj,2018-06-03 12:58:49.658198,B,Down,694792296
george,0.0,dslhbyj,2018-06-03 12:58:49.658198,B,Up,694792406
george,0.0,dslhbyj,2018-06-03 12:58:49.658198,Y,Down,694792453
george,0.0,dslhbyj,2018-06-03 12:58:49.658198,Y,Up,694792546
george,0.0,dslhbyj,2018-06-03 12:58:49.658198,J,Down,694792546
george,0.0,dslhbyj,2018-06-03 12:58:49.658198,J,Up,694792625
george,1.0,dslhbyj,2018-06-03 12:58:51.220012,D,Down,694793250
george,1.0,dslhbyj,2018-06-03 12:58:51.220012,S,Down,694793328
george,1.0,dslhbyj,2018-06-03 12:58:51.220012,D,Up,694793375
george,1.0,dslhbyj,2018-06-03 12:58:51.220012,S,Up,694793437
george,1.0,dslhbyj,2018-06-03 12:58:51.220012,L,Down,694793578
george,1.0,dslhbyj,2018-06-03 12:58:51.220012,L,Up,694793656
george,1.0,dslhbyj,2018-06-03 12:58:51.220012,H,Down,694793765
george,1.0,dslhbyj,2018-06-03 12:58:51.220012,H,Up,694793843
george,1.0,dslhbyj,2018-06-03 12:58:51.220012,B,Down,694793906
george,1.0,dslhbyj,2018-06-03 12:58:51.220012,B,Up,694794000
george,1.0,dslhbyj,2018-06-03 12:58:51.220012,Y,Down,694794046
george,1.0,dslhbyj,2018-06-03 12:58:51.220012,Y,Up,694794140
george,1.0,dslhbyj,2018-06-03 12:58:51.220012,J,Down,694794156
george,1.0,dslhbyj,2018-06-03 12:58:51.220012,J,Up,694794234
george,2.0,dslhbyj,2018-06-03 12:58:52.507889,D,Down,694794593
george,2.0,dslhbyj,2018-06-03 12:58:52.507889,S,Down,694794687
george,2.0,dslhbyj,2018-06-03 12:58:52.507889,D,Up,694794734
george,2.0,dslhbyj,2018-06-03 12:58:52.507889,S,Up,694794781
george,2.0,dslhbyj,2018-06-03 12:58:52.507889,L,Down,694794875
george,2.0,dslhbyj,2018-06-03 12:58:52.507889,L,Up,694794968
george,2.0,dslhbyj,2018-06-03 12:58:52.507889,H,Down,694795078
george,2.0,dslhbyj,2018-06-03 12:58:52.507889,H,Up,694795156
george,2.0,dslhbyj,2018-06-03 12:58:52.507889,B,Down,694795203
george,2.0,dslhbyj,2018-06-03 12:58:52.507889,B,Up,694795312
george,2.0,dslhbyj,2018-06-03 12:58:52.507889,Y,Down,694795312
george,2.0,dslhbyj,2018-06-03 12:58:52.507889,Y,Up,694795421
george,2.0,dslhbyj,2018-06-03 12:58:52.507889,J,Down,694795437
george,2.0,dslhbyj,2018-06-03 12:58:52.507889,J,Up,694795500
george,3.0,dslhbyj,2018-06-03 12:58:53.868092,D,Down,694795875
george,3.0,dslhbyj,2018-06-03 12:58:53.868092,S,Down,694795968
george,3.0,dslhbyj,2018-06-03 12:58:53.868092,D,Up,694796031
george,3.0,dslhbyj,2018-06-03 12:58:53.868092,S,Up,694796093
george,3.0,dslhbyj,2018-06-03 12:58:53.868092,L,Down,694796250
george,3.0,dslhbyj,2018-06-03 12:58:53.868092,L,Up,694796328
george,3.0,dslhbyj,2018-06-03 12:58:53.868092,H,Down,694796437
george,3.0,dslhbyj,2018-06-03 12:58:53.868092,H,Up,694796515
george,3.0,dslhbyj,2018-06-03 12:58:53.868092,B,Down,694796562
george,3.0,dslhbyj,2018-06-03 12:58:53.868092,B,Up,694796687
george,3.0,dslhbyj,2018-06-03 12:58:53.868092,Y,Down,694796703
george,3.0,dslhbyj,2018-06-03 12:58:53.868092,Y,Up,694796796
george,3.0,dslhbyj,2018-06-03 12:58:53.868092,J,Down,694796812
george,3.0,dslhbyj,2018-06-03 12:58:53.868092,J,Up,694796890
george,4.0,dslhbyj,2018-06-03 12:58:55.211866,D,Down,694797234
george,4.0,dslhbyj,2018-06-03 12:58:55.211866,S,Down,694797312
george,4.0,dslhbyj,2018-06-03 12:58:55.211866,D,Up,694797375
george,4.0,dslhbyj,2018-06-03 12:58:55.211866,S,Up,694797437
george,4.0,dslhbyj,2018-06-03 12:58:55.211866,L,Down,694797578
george,4.0,dslhbyj,2018-06-03 12:58:55.211866,L,Up,694797656
george,4.0,dslhbyj,2018-06-03 12:58:55.211866,H,Down,694797781
george,4.0,dslhbyj,2018-06-03 12:58:55.211866,H,Up,694797859
george,4.0,dslhbyj,2018-06-03 12:58:55.211866,B,Down,694797921
george,4.0,dslhbyj,2018-06-03 12:58:55.211866,B,Up,694798015
george,4.0,dslhbyj,2018-06-03 12:58:55.211866,Y,Down,694798046
george,4.0,dslhbyj,2018-06-03 12:58:55.211866,Y,Up,694798140
george,4.0,dslhbyj,2018-06-03 12:58:55.211866,J,Down,694798140
george,4.0,dslhbyj,2018-06-03 12:58:55.211866,J,Up,694798218
george,5.0,dslhbyj,2018-06-03 12:58:56.524235,D,Down,694798578
george,5.0,dslhbyj,2018-06-03 12:58:56.524235,S,Down,694798671
george,5.0,dslhbyj,2018-06-03 12:58:56.524235,D,Up,694798718
george,5.0,dslhbyj,2018-06-03 12:58:56.524235,S,Up,694798765
george,5.0,dslhbyj,2018-06-03 12:58:56.524235,L,Down,694798875
george,5.0,dslhbyj,2018-06-03 12:58:56.524235,L,Up,694798968
george,5.0,dslhbyj,2018-06-03 12:58:56.524235,H,Down,694799078
george,5.0,dslhbyj,2018-06-03 12:58:56.524235,H,Up,694799171
george,5.0,dslhbyj,2018-06-03 12:58:56.524235,B,Down,694799218
george,5.0,dslhbyj,2018-06-03 12:58:56.524235,B,Up,694799328
george,5.0,dslhbyj,2018-06-03 12:58:56.524235,Y,Down,694799343
george,5.0,dslhbyj,2018-06-03 12:58:56.524235,Y,Up,694799437
george,5.0,dslhbyj,2018-06-03 12:58:56.524235,J,Down,694799453
george,5.0,dslhbyj,2018-06-03 12:58:56.524235,J,Up,694799515
george,6.0,dslhbyj,2018-06-03 12:58:57.884098,D,Down,694799906
george,6.0,dslhbyj,2018-06-03 12:58:57.884098,S,Down,694800000
george,6.0,dslhbyj,2018-06-03 12:58:57.884098,D,Up,694800046
george,6.0,dslhbyj,2018-06-03 12:58:57.884098,S,Up,694800093
george,6.0,dslhbyj,2018-06-03 12:58:57.884098,L,Down,694800218
george,6.0,dslhbyj,2018-06-03 12:58:57.884098,L,Up,694800296
george,6.0,dslhbyj,2018-06-03 12:58:57.884098,H,Down,694800406
george,6.0,dslhbyj,2018-06-03 12:58:57.884098,H,Up,694800500
george,6.0,dslhbyj,2018-06-03 12:58:57.884098,B,Down,694800546
george,6.0,dslhbyj,2018-06-03 12:58:57.884098,B,Up,694800656
george,6.0,dslhbyj,2018-06-03 12:58:57.884098,Y,Down,694800687
george,6.0,dslhbyj,2018-06-03 12:58:57.884098,J,Down,694800796
george,6.0,dslhbyj,2018-06-03 12:58:57.884098,Y,Up,694800796
george,6.0,dslhbyj,2018-06-03 12:58:57.884098,J,Up,694800875
george,7.0,dslhbyj,2018-06-03 12:58:59.308621,D,Down,694801312
george,7.0,dslhbyj,2018-06-03 12:58:59.308621,S,Down,694801406
george,7.0,dslhbyj,2018-06-03 12:58:59.308621,D,Up,694801453
george,7.0,dslhbyj,2018-06-03 12:58:59.308621,S,Up,694801500
george,7.0,dslhbyj,2018-06-03 12:58:59.308621,L,Down,694801609
george,7.0,dslhbyj,2018-06-03 12:58:59.308621,L,Up,694801703
george,7.0,dslhbyj,2018-06-03 12:58:59.308621,H,Down,694801796
george,7.0,dslhbyj,2018-06-03 12:58:59.308621,H,Up,694801890
george,7.0,dslhbyj,2018-06-03 12:58:59.308621,B,Down,694801953
george,7.0,dslhbyj,2018-06-03 12:58:59.308621,B,Up,694802046
george,7.0,dslhbyj,2018-06-03 12:58:59.308621,Y,Down,694802078
george,7.0,dslhbyj,2018-06-03 12:58:59.308621,Y,Up,694802171
george,7.0,dslhbyj,2018-06-03 12:58:59.308621,J,Down,694802218
george,7.0,dslhbyj,2018-06-03 12:58:59.308621,J,Up,694802296
george,8.0,dslhbyj,2018-06-03 12:59:00.733018,D,Down,694802734
george,8.0,dslhbyj,2018-06-03 12:59:00.733018,S,Down,694802812
george,8.0,dslhbyj,2018-06-03 12:59:00.733018,D,Up,694802875
george,8.0,dslhbyj,2018-06-03 12:59:00.733018,S,Up,694802921
george,8.0,dslhbyj,2018-06-03 12:59:00.733018,L,Down,694803046
george,8.0,dslhbyj,2018-06-03 12:59:00.733018,L,Up,694803140
george,8.0,dslhbyj,2018-06-03 12:59:00.733018,H,Down,694803234
george,8.0,dslhbyj,2018-06-03 12:59:00.733018,H,Up,694803328
george,8.0,dslhbyj,2018-06-03 12:59:00.733018,B,Down,694803390
george,8.0,dslhbyj,2018-06-03 12:59:00.733018,B,Up,694803500
george,8.0,dslhbyj,2018-06-03 12:59:00.733018,Y,Down,694803515
george,8.0,dslhbyj,2018-06-03 12:59:00.733018,Y,Up,694803609
george,8.0,dslhbyj,2018-06-03 12:59:00.733018,J,Down,694803640
george,8.0,dslhbyj,2018-06-03 12:59:00.733018,J,Up,694803718
george,9.0,dslhbyj,2018-06-03 12:59:02.405572,D,Down,694804078
george,9.0,dslhbyj,2018-06-03 12:59:02.405572,S,Down,694804140
george,9.0,dslhbyj,2018-06-03 12:59:02.405572,D,Up,694804187
george,9.0,dslhbyj,2018-06-03 12:59:02.405572,S,Up,694804250
george,9.0,dslhbyj,2018-06-03 12:59:02.405572,L,Down,694804484
george,9.0,dslhbyj,2018-06-03 12:59:02.405572,L,Up,694804562
george,9.0,dslhbyj,2018-06-03 12:59:02.405572,H,Down,694804687
george,9.0,dslhbyj,2018-06-03 12:59:02.405572,H,Up,694804765
george,9.0,dslhbyj,2018-06-03 12:59:02.405572,B,Down,694804828
george,9.0,dslhbyj,2018-06-03 12:59:02.405572,B,Up,694804953
george,9.0,dslhbyj,2018-06-03 12:59:02.405572,Y,Down,694804984
george,9.0,dslhbyj,2018-06-03 12:59:02.405572,Y,Up,694805078
george,9.0,dslhbyj,2018-06-03 12:59:02.405572,J,Down,694805171
george,9.0,dslhbyj,2018-06-03 12:59:02.405572,J,Up,694805250
george,10.0,dslhbyj,2018-06-03 12:59:03.924648,D,Down,694805968
george,10.0,dslhbyj,2018-06-03 12:59:03.924648,S,Down,694806046
george,10.0,dslhbyj,2018-06-03 12:59:03.924648,D,Up,694806093
george,10.0,dslhbyj,2018-06-03 12:59:03.924648,S,Up,694806140
george,10.0,dslhbyj,2018-06-03 12:59:03.924648,L,Down,694806265
george,10.0,dslhbyj,2018-06-03 12:59:03.924648,L,Up,694806359
george,10.0,dslhbyj,2018-06-03 12:59:03.924648,H,Down,694806453
george,10.0,dslhbyj,2018-06-03 12:59:03.924648,H,Up,694806546
george,10.0,dslhbyj,2018-06-03 12:59:03.924648,B,Down,694806593
george,10.0,dslhbyj,2018-06-03 12:59:03.924648,B,Up,694806687
george,10.0,dslhbyj,2018-06-03 12:59:03.924648,Y,Down,694806718
george,10.0,dslhbyj,2018-06-03 12:59:03.924648,Y,Up,694806796
george,10.0,dslhbyj,2018-06-03 12:59:03.924648,J,Down,694806828
george,10.0,dslhbyj,2018-06-03 12:59:03.924648,J,Up,694806906
george,11.0,dslhbyj,2018-06-03 12:59:05.573451,D,Down,694807453
george,11.0,dslhbyj,2018-06-03 12:59:05.573451,S,Down,694807531
george,11.0,dslhbyj,2018-06-03 12:59:05.573451,D,Up,694807578
george,11.0,dslhbyj,2018-06-03 12:59:05.573451,S,Up,694807625
george,11.0,dslhbyj,2018-06-03 12:59:05.573451,L,Down,694807875
george,11.0,dslhbyj,2018-06-03 12:59:05.573451,L,Up,694807968
george,11.0,dslhbyj,2018-06-03 12:59:05.573451,H,Down,694808046
george,11.0,dslhbyj,2018-06-03 12:59:05.573451,H,Up,694808156
george,11.0,dslhbyj,2018-06-03 12:59:05.573451,B,Down,694808187
george,11.0,dslhbyj,2018-06-03 12:59:05.573451,B,Up,694808312
george,11.0,dslhbyj,2018-06-03 12:59:05.573451,Y,Down,694808359
george,11.0,dslhbyj,2018-06-03 12:59:05.573451,Y,Up,694808453
george,11.0,dslhbyj,2018-06-03 12:59:05.573451,J,Down,694808453
george,11.0,dslhbyj,2018-06-03 12:59:05.573451,J,Up,694808546
george,12.0,dslhbyj,2018-06-03 12:59:07.133486,D,Down,694809046
george,12.0,dslhbyj,2018-06-03 12:59:07.133486,S,Down,694809125
george,12.0,dslhbyj,2018-06-03 12:59:07.133486,D,Up,694809171
george,12.0,dslhbyj,2018-06-03 12:59:07.133486,S,Up,694809234
george,12.0,dslhbyj,2018-06-03 12:59:07.133486,L,Down,694809406
george,12.0,dslhbyj,2018-06-03 12:59:07.133486,L,Up,694809500
george,12.0,dslhbyj,2018-06-03 12:59:07.133486,H,Down,694809640
george,12.0,dslhbyj,2018-06-03 12:59:07.133486,H,Up,694809718
george,12.0,dslhbyj,2018-06-03 12:59:07.133486,B,Down,694809765
george,12.0,dslhbyj,2018-06-03 12:59:07.133486,B,Up,694809875
george,12.0,dslhbyj,2018-06-03 12:59:07.133486,Y,Down,694809906
george,12.0,dslhbyj,2018-06-03 12:59:07.133486,Y,Up,694810015
george,12.0,dslhbyj,2018-06-03 12:59:07.133486,J,Down,694810046
george,12.0,dslhbyj,2018-06-03 12:59:07.133486,J,Up,694810125
george,13.0,dslhbyj,2018-06-03 12:59:08.704766,D,Down,694810578
george,13.0,dslhbyj,2018-06-03 12:59:08.704766,S,Down,694810656
george,13.0,dslhbyj,2018-06-03 12:59:08.704766,D,Up,694810718
george,13.0,dslhbyj,2018-06-03 12:59:08.704766,S,Up,694810765
george,13.0,dslhbyj,2018-06-03 12:59:08.704766,L,Down,694810921
george,13.0,dslhbyj,2018-06-03 12:59:08.704766,L,Up,694811000
george,13.0,dslhbyj,2018-06-03 12:59:08.704766,H,Down,694811109
george,13.0,dslhbyj,2018-06-03 12:59:08.704766,H,Up,694811187
george,13.0,dslhbyj,2018-06-03 12:59:08.704766,B,Down,694811250
george,13.0,dslhbyj,2018-06-03 12:59:08.704766,B,Up,694811359
george,13.0,dslhbyj,2018-06-03 12:59:08.704766,Y,Down,694811437
george,13.0,dslhbyj,2018-06-03 12:59:08.704766,Y,Up,694811531
george,13.0,dslhbyj,2018-06-03 12:59:08.704766,J,Down,694811593
george,13.0,dslhbyj,2018-06-03 12:59:08.704766,J,Up,694811687
george,14.0,dslhbyj,2018-06-03 12:59:10.117453,D,Down,694812140
george,14.0,dslhbyj,2018-06-03 12:59:10.117453,S,Down,694812218
george,14.0,dslhbyj,2018-06-03 12:59:10.117453,D,Up,694812281
george,14.0,dslhbyj,2018-06-03 12:59:10.117453,S,Up,694812328
george,14.0,dslhbyj,2018-06-03 12:59:10.117453,L,Down,694812437
george,14.0,dslhbyj,2018-06-03 12:59:10.117453,L,Up,694812531
george,14.0,dslhbyj,2018-06-03 12:59:10.117453,H,Down,694812656
george,14.0,dslhbyj,2018-06-03 12:59:10.117453,H,Up,694812734
george,14.0,dslhbyj,2018-06-03 12:59:10.117453,B,Down,694812796
george,14.0,dslhbyj,2018-06-03 12:59:10.117453,B,Up,694812890
george,14.0,dslhbyj,2018-06-03 12:59:10.117453,Y,Down,694812921
george,14.0,dslhbyj,2018-06-03 12:59:10.117453,Y,Up,694813015
george,14.0,dslhbyj,2018-06-03 12:59:10.117453,J,Down,694813031
george,14.0,dslhbyj,2018-06-03 12:59:10.117453,J,Up,694813125
george,15.0,dslhbyj,2018-06-03 12:59:11.574173,D,Down,694813546
george,15.0,dslhbyj,2018-06-03 12:59:11.574173,S,Down,694813625
george,15.0,dslhbyj,2018-06-03 12:59:11.574173,D,Up,694813687
george,15.0,dslhbyj,2018-06-03 12:59:11.574173,S,Up,694813750
george,15.0,dslhbyj,2018-06-03 12:59:11.574173,L,Down,694813843
george,15.0,dslhbyj,2018-06-03 12:59:11.574173,L,Up,694813937
george,15.0,dslhbyj,2018-06-03 12:59:11.574173,H,Down,694814031
george,15.0,dslhbyj,2018-06-03 12:59:11.574173,H,Up,694814140
george,15.0,dslhbyj,2018-06-03 12:59:11.574173,B,Down,694814187
george,15.0,dslhbyj,2018-06-03 12:59:11.574173,B,Up,694814296
george,15.0,dslhbyj,2018-06-03 12:59:11.574173,Y,Down,694814328
george,15.0,dslhbyj,2018-06-03 12:59:11.574173,Y,Up,694814437
george,15.0,dslhbyj,2018-06-03 12:59:11.574173,J,Down,694814468
george,15.0,dslhbyj,2018-06-03 12:59:11.574173,J,Up,694814546
george,16.0,dslhbyj,2018-06-03 12:59:13.022251,D,Down,694814984
george,16.0,dslhbyj,2018-06-03 12:59:13.022251,S,Down,694815062
george,16.0,dslhbyj,2018-06-03 12:59:13.022251,D,Up,694815109
george,16.0,dslhbyj,2018-06-03 12:59:13.022251,S,Up,694815171
george,16.0,dslhbyj,2018-06-03 12:59:13.022251,L,Down,694815359
george,16.0,dslhbyj,2018-06-03 12:59:13.022251,L,Up,694815437
george,16.0,dslhbyj,2018-06-03 12:59:13.022251,H,Down,694815562
george,16.0,dslhbyj,2018-06-03 12:59:13.022251,H,Up,694815656
george,16.0,dslhbyj,2018-06-03 12:59:13.022251,B,Down,694815718
george,16.0,dslhbyj,2018-06-03 12:59:13.022251,B,Up,694815812
george,16.0,dslhbyj,2018-06-03 12:59:13.022251,Y,Down,694815828
george,16.0,dslhbyj,2018-06-03 12:59:13.022251,Y,Up,694815906
george,16.0,dslhbyj,2018-06-03 12:59:13.022251,J,Down,694815921
george,16.0,dslhbyj,2018-06-03 12:59:13.022251,J,Up,694816015
tamara,0.0,dslhbyj ,2018-06-03 13:33:05.328192,D,Down,696846359
tamara,0.0,dslhbyj ,2018-06-03 13:33:05.328192,D,Up,696846468
tamara,0.0,dslhbyj ,2018-06-03 13:33:05.328192,S,Down,696846546
tamara,0.0,dslhbyj ,2018-06-03 13:33:05.328192,S,Up,696846656
tamara,0.0,dslhbyj ,2018-06-03 13:33:05.328192,L,Down,696846859
tamara,0.0,dslhbyj ,2018-06-03 13:33:05.328192,L,Up,696846937
tamara,0.0,dslhbyj ,2018-06-03 13:33:05.328192,H,Down,696847187
tamara,0.0,dslhbyj ,2018-06-03 13:33:05.328192,H,Up,696847250
tamara,0.0,dslhbyj ,2018-06-03 13:33:05.328192,B,Down,696847343
tamara,0.0,dslhbyj ,2018-06-03 13:33:05.328192,B,Up,696847421
tamara,0.0,dslhbyj ,2018-06-03 13:33:05.328192,Y,Down,696847531
tamara,0.0,dslhbyj ,2018-06-03 13:33:05.328192,Y,Up,696847609
tamara,0.0,dslhbyj ,2018-06-03 13:33:05.328192,J,Down,696847718
tamara,0.0,dslhbyj ,2018-06-03 13:33:05.328192,J,Up,696847812
tamara,0.0,dslhbyj ,2018-06-03 13:33:05.328192,Space,Down,696847859
tamara,0.0,dslhbyj ,2018-06-03 13:33:05.328192,Space,Up,696847968
tamara,1.0,dslhbyj,2018-06-03 13:33:10.646575,D,Down,696851718
tamara,1.0,dslhbyj,2018-06-03 13:33:10.646575,D,Up,696851796
tamara,1.0,dslhbyj,2018-06-03 13:33:10.646575,S,Down,696851875
tamara,1.0,dslhbyj,2018-06-03 13:33:10.646575,S,Up,696851953
tamara,1.0,dslhbyj,2018-06-03 13:33:10.646575,L,Down,696852265
tamara,1.0,dslhbyj,2018-06-03 13:33:10.646575,L,Up,696852343
tamara,1.0,dslhbyj,2018-06-03 13:33:10.646575,H,Down,696852562
tamara,1.0,dslhbyj,2018-06-03 13:33:10.646575,H,Up,696852656
tamara,1.0,dslhbyj,2018-06-03 13:33:10.646575,B,Down,696852734
tamara,1.0,dslhbyj,2018-06-03 13:33:10.646575,B,Up,696852812
tamara,1.0,dslhbyj,2018-06-03 13:33:10.646575,Y,Down,696852953
tamara,1.0,dslhbyj,2018-06-03 13:33:10.646575,Y,Up,696853031
tamara,1.0,dslhbyj,2018-06-03 13:33:10.646575,J,Down,696853156
tamara,1.0,dslhbyj,2018-06-03 13:33:10.646575,J,Up,696853234
tamara,2.0,dslhbyj,2018-06-03 13:33:13.999138,D,Down,696855125
tamara,2.0,dslhbyj,2018-06-03 13:33:13.999138,D,Up,696855203
tamara,2.0,dslhbyj,2018-06-03 13:33:13.999138,S,Down,696855312
tamara,2.0,dslhbyj,2018-06-03 13:33:13.999138,S,Up,696855406
tamara,2.0,dslhbyj,2018-06-03 13:33:13.999138,L,Down,696855609
tamara,2.0,dslhbyj,2018-06-03 13:33:13.999138,L,Up,696855703
tamara,2.0,dslhbyj,2018-06-03 13:33:13.999138,H,Down,696856000
tamara,2.0,dslhbyj,2018-06-03 13:33:13.999138,H,Up,696856078
tamara,2.0,dslhbyj,2018-06-03 13:33:13.999138,B,Down,696856171
tamara,2.0,dslhbyj,2018-06-03 13:33:13.999138,B,Up,696856265
tamara,2.0,dslhbyj,2018-06-03 13:33:13.999138,Y,Down,696856406
tamara,2.0,dslhbyj,2018-06-03 13:33:13.999138,Y,Up,696856484
tamara,2.0,dslhbyj,2018-06-03 13:33:13.999138,J,Down,696856625
tamara,2.0,dslhbyj,2018-06-03 13:33:13.999138,J,Up,696856703
tamara,3.0,dslhbyj,2018-06-03 13:33:16.950802,D,Down,696857968
tamara,3.0,dslhbyj,2018-06-03 13:33:16.950802,D,Up,696858078
tamara,3.0,dslhbyj,2018-06-03 13:33:16.950802,S,Down,696858187
tamara,3.0,dslhbyj,2018-06-03 13:33:16.950802,S,Up,696858281
tamara,3.0,dslhbyj,2018-06-03 13:33:16.950802,L,Down,696858515
tamara,3.0,dslhbyj,2018-06-03 13:33:16.950802,L,Up,696858609
tamara,3.0,dslhbyj,2018-06-03 13:33:16.950802,H,Down,696858921
tamara,3.0,dslhbyj,2018-06-03 13:33:16.950802,H,Up,696859000
tamara,3.0,dslhbyj,2018-06-03 13:33:16.950802,B,Down,696859109
tamara,3.0,dslhbyj,2018-06-03 13:33:16.950802,B,Up,696859187
tamara,3.0,dslhbyj,2018-06-03 13:33:16.950802,Y,Down,696859328
tamara,3.0,dslhbyj,2018-06-03 13:33:16.950802,Y,Up,696859406
tamara,3.0,dslhbyj,2018-06-03 13:33:16.950802,J,Down,696859562
tamara,3.0,dslhbyj,2018-06-03 13:33:16.950802,J,Up,696859656
tamara,4.0,dslhbyj,2018-06-03 13:33:19.719689,D,Down,696860781
tamara,4.0,dslhbyj,2018-06-03 13:33:19.719689,D,Up,696860875
tamara,4.0,dslhbyj,2018-06-03 13:33:19.719689,S,Down,696860984
tamara,4.0,dslhbyj,2018-06-03 13:33:19.719689,S,Up,696861093
tamara,4.0,dslhbyj,2018-06-03 13:33:19.719689,L,Down,696861265
tamara,4.0,dslhbyj,2018-06-03 13:33:19.719689,L,Up,696861359
tamara,4.0,dslhbyj,2018-06-03 13:33:19.719689,H,Down,696861703
tamara,4.0,dslhbyj,2018-06-03 13:33:19.719689,H,Up,696861781
tamara,4.0,dslhbyj,2018-06-03 13:33:19.719689,B,Down,696861890
tamara,4.0,dslhbyj,2018-06-03 13:33:19.719689,B,Up,696861953
tamara,4.0,dslhbyj,2018-06-03 13:33:19.719689,Y,Down,696862062
tamara,4.0,dslhbyj,2018-06-03 13:33:19.719689,Y,Up,696862140
tamara,4.0,dslhbyj,2018-06-03 13:33:19.719689,J,Down,696862250
tamara,4.0,dslhbyj,2018-06-03 13:33:19.719689,J,Up,696862343
tamara,5.0,dslhbyj,2018-06-03 13:33:22.583668,D,Down,696863515
tamara,5.0,dslhbyj,2018-06-03 13:33:22.583668,D,Up,696863609
tamara,5.0,dslhbyj,2018-06-03 13:33:22.583668,S,Down,696863734
tamara,5.0,dslhbyj,2018-06-03 13:33:22.583668,S,Up,696863828
tamara,5.0,dslhbyj,2018-06-03 13:33:22.583668,L,Down,696864062
tamara,5.0,dslhbyj,2018-06-03 13:33:22.583668,L,Up,696864156
tamara,5.0,dslhbyj,2018-06-03 13:33:22.583668,H,Down,696864390
tamara,5.0,dslhbyj,2018-06-03 13:33:22.583668,H,Up,696864484
tamara,5.0,dslhbyj,2018-06-03 13:33:22.583668,B,Down,696864578
tamara,5.0,dslhbyj,2018-06-03 13:33:22.583668,B,Up,696864671
tamara,5.0,dslhbyj,2018-06-03 13:33:22.583668,Y,Down,696864796
tamara,5.0,dslhbyj,2018-06-03 13:33:22.583668,Y,Up,696864875
tamara,5.0,dslhbyj,2018-06-03 13:33:22.583668,J,Down,696865000
tamara,5.0,dslhbyj,2018-06-03 13:33:22.583668,J,Up,696865093
tamara,6.0,dslhbyj,2018-06-03 13:33:25.263624,D,Down,696866281
tamara,6.0,dslhbyj,2018-06-03 13:33:25.263624,D,Up,696866375
tamara,6.0,dslhbyj,2018-06-03 13:33:25.263624,S,Down,696866484
tamara,6.0,dslhbyj,2018-06-03 13:33:25.263624,S,Up,696866578
tamara,6.0,dslhbyj,2018-06-03 13:33:25.263624,L,Down,696866890
tamara,6.0,dslhbyj,2018-06-03 13:33:25.263624,L,Up,696866968
tamara,6.0,dslhbyj,2018-06-03 13:33:25.263624,H,Down,696867218
tamara,6.0,dslhbyj,2018-06-03 13:33:25.263624,H,Up,696867281
tamara,6.0,dslhbyj,2018-06-03 13:33:25.263624,B,Down,696867375
tamara,6.0,dslhbyj,2018-06-03 13:33:25.263624,B,Up,696867453
tamara,6.0,dslhbyj,2018-06-03 13:33:25.263624,Y,Down,696867562
tamara,6.0,dslhbyj,2018-06-03 13:33:25.263624,Y,Up,696867656
tamara,6.0,dslhbyj,2018-06-03 13:33:25.263624,J,Down,696867765
tamara,6.0,dslhbyj,2018-06-03 13:33:25.263624,J,Up,696867843
tamara,7.0,dslhbyj,2018-06-03 13:33:28.104028,D,Down,696868921
tamara,7.0,dslhbyj,2018-06-03 13:33:28.104028,D,Up,696869015
tamara,7.0,dslhbyj,2018-06-03 13:33:28.104028,S,Down,696869109
tamara,7.0,dslhbyj,2018-06-03 13:33:28.104028,S,Up,696869203
tamara,7.0,dslhbyj,2018-06-03 13:33:28.104028,L,Down,696869390
tamara,7.0,dslhbyj,2018-06-03 13:33:28.104028,L,Up,696869484
tamara,7.0,dslhbyj,2018-06-03 13:33:28.104028,H,Down,696870015
tamara,7.0,dslhbyj,2018-06-03 13:33:28.104028,H,Up,696870093
tamara,7.0,dslhbyj,2018-06-03 13:33:28.104028,B,Down,696870250
tamara,7.0,dslhbyj,2018-06-03 13:33:28.104028,B,Up,696870328
tamara,7.0,dslhbyj,2018-06-03 13:33:28.104028,Y,Down,696870453
tamara,7.0,dslhbyj,2018-06-03 13:33:28.104028,Y,Up,696870546
tamara,7.0,dslhbyj,2018-06-03 13:33:28.104028,J,Down,696870640
tamara,7.0,dslhbyj,2018-06-03 13:33:28.104028,J,Up,696870734
tamara,8.0,dslhbyj,2018-06-03 13:33:30.552370,D,Down,696871734
tamara,8.0,dslhbyj,2018-06-03 13:33:30.552370,D,Up,696871828
tamara,8.0,dslhbyj,2018-06-03 13:33:30.552370,S,Down,696871906
tamara,8.0,dslhbyj,2018-06-03 13:33:30.552370,S,Up,696872000
tamara,8.0,dslhbyj,2018-06-03 13:33:30.552370,L,Down,696872218
tamara,8.0,dslhbyj,2018-06-03 13:33:30.552370,L,Up,696872296
tamara,8.0,dslhbyj,2018-06-03 13:33:30.552370,H,Down,696872562
tamara,8.0,dslhbyj,2018-06-03 13:33:30.552370,H,Up,696872625
tamara,8.0,dslhbyj,2018-06-03 13:33:30.552370,B,Down,696872718
tamara,8.0,dslhbyj,2018-06-03 13:33:30.552370,B,Up,696872796
tamara,8.0,dslhbyj,2018-06-03 13:33:30.552370,Y,Down,696872906
tamara,8.0,dslhbyj,2018-06-03 13:33:30.552370,Y,Up,696873000
tamara,8.0,dslhbyj,2018-06-03 13:33:30.552370,J,Down,696873109
tamara,8.0,dslhbyj,2018-06-03 13:33:30.552370,J,Up,696873203
tamara,9.0,dslhbyj,2018-06-03 13:33:32.961060,D,Down,696874171
tamara,9.0,dslhbyj,2018-06-03 13:33:32.961060,D,Up,696874265
tamara,9.0,dslhbyj,2018-06-03 13:33:32.961060,S,Down,696874359
tamara,9.0,dslhbyj,2018-06-03 13:33:32.961060,S,Up,696874468
tamara,9.0,dslhbyj,2018-06-03 13:33:32.961060,L,Down,696874656
tamara,9.0,dslhbyj,2018-06-03 13:33:32.961060,L,Up,696874750
tamara,9.0,dslhbyj,2018-06-03 13:33:32.961060,H,Down,696874984
tamara,9.0,dslhbyj,2018-06-03 13:33:32.961060,H,Up,696875062
tamara,9.0,dslhbyj,2018-06-03 13:33:32.961060,B,Down,696875171
tamara,9.0,dslhbyj,2018-06-03 13:33:32.961060,B,Up,696875234
tamara,9.0,dslhbyj,2018-06-03 13:33:32.961060,Y,Down,696875343
tamara,9.0,dslhbyj,2018-06-03 13:33:32.961060,Y,Up,696875437
tamara,9.0,dslhbyj,2018-06-03 13:33:32.961060,J,Down,696875562
tamara,9.0,dslhbyj,2018-06-03 13:33:32.961060,J,Up,696875640
tamara,10.0,dslhbyj,2018-06-03 13:33:35.568838,D,Down,696876593
tamara,10.0,dslhbyj,2018-06-03 13:33:35.568838,D,Up,696876671
tamara,10.0,dslhbyj,2018-06-03 13:33:35.568838,S,Down,696876765
tamara,10.0,dslhbyj,2018-06-03 13:33:35.568838,S,Up,696876859
tamara,10.0,dslhbyj,2018-06-03 13:33:35.568838,L,Down,696877046
tamara,10.0,dslhbyj,2018-06-03 13:33:35.568838,L,Up,696877125
tamara,10.0,dslhbyj,2018-06-03 13:33:35.568838,H,Down,696877593
tamara,10.0,dslhbyj,2018-06-03 13:33:35.568838,H,Up,696877671
tamara,10.0,dslhbyj,2018-06-03 13:33:35.568838,B,Down,696877781
tamara,10.0,dslhbyj,2018-06-03 13:33:35.568838,B,Up,696877875
tamara,10.0,dslhbyj,2018-06-03 13:33:35.568838,Y,Down,696878000
tamara,10.0,dslhbyj,2018-06-03 13:33:35.568838,Y,Up,696878078
tamara,10.0,dslhbyj,2018-06-03 13:33:35.568838,J,Down,696878218
tamara,10.0,dslhbyj,2018-06-03 13:33:35.568838,J,Up,696878296
tamara,11.0,blhbyj,2018-06-03 13:33:38.745315,B,Down,696879406
tamara,11.0,blhbyj,2018-06-03 13:33:38.745315,B,Up,696879500
tamara,11.0,blhbyj,2018-06-03 13:33:38.745315,L,Down,696879953
tamara,11.0,blhbyj,2018-06-03 13:33:38.745315,L,Up,696880046
tamara,11.0,blhbyj,2018-06-03 13:33:38.745315,H,Down,696880640
tamara,11.0,blhbyj,2018-06-03 13:33:38.745315,H,Up,696880718
tamara,11.0,blhbyj,2018-06-03 13:33:38.745315,B,Down,696880828
tamara,11.0,blhbyj,2018-06-03 13:33:38.745315,B,Up,696880906
tamara,11.0,blhbyj,2018-06-03 13:33:38.745315,Y,Down,696881109
tamara,11.0,blhbyj,2018-06-03 13:33:38.745315,Y,Up,696881203
tamara,11.0,blhbyj,2018-06-03 13:33:38.745315,J,Down,696881312
tamara,11.0,blhbyj,2018-06-03 13:33:38.745315,J,Up,696881406
tamara,12.0,dslhbyj,2018-06-03 13:33:41.330167,D,Down,696882375
tamara,12.0,dslhbyj,2018-06-03 13:33:41.330167,D,Up,696882484
tamara,12.0,dslhbyj,2018-06-03 13:33:41.330167,S,Down,696882578
tamara,12.0,dslhbyj,2018-06-03 13:33:41.330167,S,Up,696882687
tamara,12.0,dslhbyj,2018-06-03 13:33:41.330167,L,Down,696882921
tamara,12.0,dslhbyj,2018-06-03 13:33:41.330167,L,Up,696883015
tamara,12.0,dslhbyj,2018-06-03 13:33:41.330167,H,Down,696883328
tamara,12.0,dslhbyj,2018-06-03 13:33:41.330167,H,Up,696883421
tamara,12.0,dslhbyj,2018-06-03 13:33:41.330167,B,Down,696883531
tamara,12.0,dslhbyj,2018-06-03 13:33:41.330167,B,Up,696883609
tamara,12.0,dslhbyj,2018-06-03 13:33:41.330167,Y,Down,696883718
tamara,12.0,dslhbyj,2018-06-03 13:33:41.330167,Y,Up,696883828
tamara,12.0,dslhbyj,2018-06-03 13:33:41.330167,J,Down,696883968
tamara,12.0,dslhbyj,2018-06-03 13:33:41.330167,J,Up,696884046
tamara,13.0,dslhbyj,2018-06-03 13:33:43.834262,D,Down,696884953
tamara,13.0,dslhbyj,2018-06-03 13:33:43.834262,D,Up,696885046
tamara,13.0,dslhbyj,2018-06-03 13:33:43.834262,S,Down,696885156
tamara,13.0,dslhbyj,2018-06-03 13:33:43.834262,S,Up,696885281
tamara,13.0,dslhbyj,2018-06-03 13:33:43.834262,L,Down,696885468
tamara,13.0,dslhbyj,2018-06-03 13:33:43.834262,L,Up,696885546
tamara,13.0,dslhbyj,2018-06-03 13:33:43.834262,H,Down,696885843
tamara,13.0,dslhbyj,2018-06-03 13:33:43.834262,H,Up,696885921
tamara,13.0,dslhbyj,2018-06-03 13:33:43.834262,B,Down,696886015
tamara,13.0,dslhbyj,2018-06-03 13:33:43.834262,B,Up,696886109
tamara,13.0,dslhbyj,2018-06-03 13:33:43.834262,Y,Down,696886218
tamara,13.0,dslhbyj,2018-06-03 13:33:43.834262,Y,Up,696886312
tamara,13.0,dslhbyj,2018-06-03 13:33:43.834262,J,Down,696886437
tamara,13.0,dslhbyj,2018-06-03 13:33:43.834262,J,Up,696886546
tamara,14.0,dslhbyj,2018-06-03 13:33:49.026785,D,Down,696890328
tamara,14.0,dslhbyj,2018-06-03 13:33:49.026785,D,Up,696890421
tamara,14.0,dslhbyj,2018-06-03 13:33:49.026785,S,Down,696890500
tamara,14.0,dslhbyj,2018-06-03 13:33:49.026785,S,Up,696890609
tamara,14.0,dslhbyj,2018-06-03 13:33:49.026785,L,Down,696890812
tamara,14.0,dslhbyj,2018-06-03 13:33:49.026785,L,Up,696890906
tamara,14.0,dslhbyj,2018-06-03 13:33:49.026785,H,Down,696891156
tamara,14.0,dslhbyj,2018-06-03 13:33:49.026785,H,Up,696891234
tamara,14.0,dslhbyj,2018-06-03 13:33:49.026785,B,Down,696891328
tamara,14.0,dslhbyj,2018-06-03 13:33:49.026785,B,Up,696891406
tamara,14.0,dslhbyj,2018-06-03 13:33:49.026785,Y,Down,696891531
tamara,14.0,dslhbyj,2018-06-03 13:33:49.026785,Y,Up,696891609
tamara,14.0,dslhbyj,2018-06-03 13:33:49.026785,J,Down,696891734
tamara,14.0,dslhbyj,2018-06-03 13:33:49.026785,J,Up,696891828
tamara,15.0,dslhbyj,2018-06-03 13:33:51.258796,D,Down,696892578
tamara,15.0,dslhbyj,2018-06-03 13:33:51.258796,D,Up,696892656
tamara,15.0,dslhbyj,2018-06-03 13:33:51.258796,S,Down,696892750
tamara,15.0,dslhbyj,2018-06-03 13:33:51.258796,S,Up,696892859
tamara,15.0,dslhbyj,2018-06-03 13:33:51.258796,L,Down,696893031
tamara,15.0,dslhbyj,2018-06-03 13:33:51.258796,L,Up,696893109
tamara,15.0,dslhbyj,2018-06-03 13:33:51.258796,H,Down,696893343
tamara,15.0,dslhbyj,2018-06-03 13:33:51.258796,H,Up,696893437
tamara,15.0,dslhbyj,2018-06-03 13:33:51.258796,B,Down,696893515
tamara,15.0,dslhbyj,2018-06-03 13:33:51.258796,B,Up,696893593
tamara,15.0,dslhbyj,2018-06-03 13:33:51.258796,Y,Down,696893687
tamara,15.0,dslhbyj,2018-06-03 13:33:51.258796,Y,Up,696893781
tamara,15.0,dslhbyj,2018-06-03 13:33:51.258796,J,Down,696893875
tamara,15.0,dslhbyj,2018-06-03 13:33:51.258796,J,Up,696893968
tamara,16.0,dslhbyj,2018-06-03 13:33:54.027426,D,Down,696895375
tamara,16.0,dslhbyj,2018-06-03 13:33:54.027426,D,Up,696895468
tamara,16.0,dslhbyj,2018-06-03 13:33:54.027426,S,Down,696895562
tamara,16.0,dslhbyj,2018-06-03 13:33:54.027426,S,Up,696895671
tamara,16.0,dslhbyj,2018-06-03 13:33:54.027426,L,Down,696895859
tamara,16.0,dslhbyj,2018-06-03 13:33:54.027426,L,Up,696895937
tamara,16.0,dslhbyj,2018-06-03 13:33:54.027426,H,Down,696896171
tamara,16.0,dslhbyj,2018-06-03 13:33:54.027426,H,Up,696896265
tamara,16.0,dslhbyj,2018-06-03 13:33:54.027426,B,Down,696896328
tamara,16.0,dslhbyj,2018-06-03 13:33:54.027426,B,Up,696896437
tamara,16.0,dslhbyj,2018-06-03 13:33:54.027426,Y,Down,696896562
tamara,16.0,dslhbyj,2018-06-03 13:33:54.027426,Y,Up,696896640
tamara,16.0,dslhbyj,2018-06-03 13:33:54.027426,J,Down,696896734
tamara,16.0,dslhbyj,2018-06-03 13:33:54.027426,J,Up,696896843
tamara,17.0,dslhbyj,2018-06-03 13:33:57.403795,D,Down,696898390
tamara,17.0,dslhbyj,2018-06-03 13:33:57.403795,D,Up,696898484
tamara,17.0,dslhbyj,2018-06-03 13:33:57.403795,S,Down,696898593
tamara,17.0,dslhbyj,2018-06-03 13:33:57.403795,S,Up,696898703
tamara,17.0,dslhbyj,2018-06-03 13:33:57.403795,L,Down,696898906
tamara,17.0,dslhbyj,2018-06-03 13:33:57.403795,L,Up,696898984
tamara,17.0,dslhbyj,2018-06-03 13:33:57.403795,H,Down,696899406
tamara,17.0,dslhbyj,2018-06-03 13:33:57.403795,H,Up,696899484
tamara,17.0,dslhbyj,2018-06-03 13:33:57.403795,B,Down,696899625
tamara,17.0,dslhbyj,2018-06-03 13:33:57.403795,B,Up,696899703
tamara,17.0,dslhbyj,2018-06-03 13:33:57.403795,Y,Down,696899890
tamara,17.0,dslhbyj,2018-06-03 13:33:57.403795,Y,Up,696899968
tamara,17.0,dslhbyj,2018-06-03 13:33:57.403795,J,Down,696900109
tamara,17.0,dslhbyj,2018-06-03 13:33:57.403795,J,Up,696900187
tamara,18.0,dslhbyj,2018-06-03 13:33:59.996053,D,Down,696901218
tamara,18.0,dslhbyj,2018-06-03 13:33:59.996053,D,Up,696901296
tamara,18.0,dslhbyj,2018-06-03 13:33:59.996053,S,Down,696901390
tamara,18.0,dslhbyj,2018-06-03 13:33:59.996053,S,Up,696901500
tamara,18.0,dslhbyj,2018-06-03 13:33:59.996053,L,Down,696901750
tamara,18.0,dslhbyj,2018-06-03 13:33:59.996053,L,Up,696901828
tamara,18.0,dslhbyj,2018-06-03 13:33:59.996053,H,Down,696902078
tamara,18.0,dslhbyj,2018-06-03 13:33:59.996053,H,Up,696902156
tamara,18.0,dslhbyj,2018-06-03 13:33:59.996053,B,Down,696902234
tamara,18.0,dslhbyj,2018-06-03 13:33:59.996053,B,Up,696902328
tamara,18.0,dslhbyj,2018-06-03 13:33:59.996053,Y,Down,696902484
tamara,18.0,dslhbyj,2018-06-03 13:33:59.996053,Y,Up,696902562
tamara,18.0,dslhbyj,2018-06-03 13:33:59.996053,J,Down,696902687
tamara,18.0,dslhbyj,2018-06-03 13:33:59.996053,J,Up,696902781
tamara,19.0,dslhbyj,2018-06-03 13:34:02.371925,D,Down,696903625
tamara,19.0,dslhbyj,2018-06-03 13:34:02.371925,D,Up,696903718
tamara,19.0,dslhbyj,2018-06-03 13:34:02.371925,S,Down,696903828
tamara,19.0,dslhbyj,2018-06-03 13:34:02.371925,S,Up,696903921
tamara,19.0,dslhbyj,2018-06-03 13:34:02.371925,L,Down,696904125
tamara,19.0,dslhbyj,2018-06-03 13:34:02.371925,L,Up,696904218
tamara,19.0,dslhbyj,2018-06-03 13:34:02.371925,H,Down,696904453
tamara,19.0,dslhbyj,2018-06-03 13:34:02.371925,H,Up,696904531
tamara,19.0,dslhbyj,2018-06-03 13:34:02.371925,B,Down,696904625
tamara,19.0,dslhbyj,2018-06-03 13:34:02.371925,B,Up,696904718
tamara,19.0,dslhbyj,2018-06-03 13:34:02.371925,Y,Down,696904828
tamara,19.0,dslhbyj,2018-06-03 13:34:02.371925,Y,Up,696904921
tamara,19.0,dslhbyj,2018-06-03 13:34:02.371925,J,Down,696905046
tamara,19.0,dslhbyj,2018-06-03 13:34:02.371925,J,Up,696905140
tamara,20.0,dslhbyj,2018-06-03 13:34:04.691770,D,Down,696905984
tamara,20.0,dslhbyj,2018-06-03 13:34:04.691770,D,Up,696906078
tamara,20.0,dslhbyj,2018-06-03 13:34:04.691770,S,Down,696906156
tamara,20.0,dslhbyj,2018-06-03 13:34:04.691770,S,Up,696906281
tamara,20.0,dslhbyj,2018-06-03 13:34:04.691770,L,Down,696906468
tamara,20.0,dslhbyj,2018-06-03 13:34:04.691770,L,Up,696906562
tamara,20.0,dslhbyj,2018-06-03 13:34:04.691770,H,Down,696906812
tamara,20.0,dslhbyj,2018-06-03 13:34:04.691770,H,Up,696906906
tamara,20.0,dslhbyj,2018-06-03 13:34:04.691770,B,Down,696907000
tamara,20.0,dslhbyj,2018-06-03 13:34:04.691770,B,Up,696907093
tamara,20.0,dslhbyj,2018-06-03 13:34:04.691770,Y,Down,696907203
tamara,20.0,dslhbyj,2018-06-03 13:34:04.691770,Y,Up,696907281
tamara,20.0,dslhbyj,2018-06-03 13:34:04.691770,J,Down,696907406
tamara,20.0,dslhbyj,2018-06-03 13:34:04.691770,J,Up,696907500
tamara,21.0,dslhbyj,2018-06-03 13:34:07.028100,D,Down,696908296
tamara,21.0,dslhbyj,2018-06-03 13:34:07.028100,D,Up,696908390
tamara,21.0,dslhbyj,2018-06-03 13:34:07.028100,S,Down,696908484
tamara,21.0,dslhbyj,2018-06-03 13:34:07.028100,S,Up,696908609
tamara,21.0,dslhbyj,2018-06-03 13:34:07.028100,L,Down,696908843
tamara,21.0,dslhbyj,2018-06-03 13:34:07.028100,L,Up,696908921
tamara,21.0,dslhbyj,2018-06-03 13:34:07.028100,H,Down,696909187
tamara,21.0,dslhbyj,2018-06-03 13:34:07.028100,H,Up,696909265
tamara,21.0,dslhbyj,2018-06-03 13:34:07.028100,B,Down,696909359
tamara,21.0,dslhbyj,2018-06-03 13:34:07.028100,B,Up,696909437
tamara,21.0,dslhbyj,2018-06-03 13:34:07.028100,Y,Down,696909562
tamara,21.0,dslhbyj,2018-06-03 13:34:07.028100,Y,Up,696909656
tamara,21.0,dslhbyj,2018-06-03 13:34:07.028100,J,Down,696909765
tamara,21.0,dslhbyj,2018-06-03 13:34:07.028100,J,Up,696909843
tamara,22.0,dslhbyj,2018-06-03 13:34:09.412637,D,Down,696910734
tamara,22.0,dslhbyj,2018-06-03 13:34:09.412637,D,Up,696910812
tamara,22.0,dslhbyj,2018-06-03 13:34:09.412637,S,Down,696910921
tamara,22.0,dslhbyj,2018-06-03 13:34:09.412637,S,Up,696911046
tamara,22.0,dslhbyj,2018-06-03 13:34:09.412637,L,Down,696911234
tamara,22.0,dslhbyj,2018-06-03 13:34:09.412637,L,Up,696911328
tamara,22.0,dslhbyj,2018-06-03 13:34:09.412637,H,Down,696911578
tamara,22.0,dslhbyj,2018-06-03 13:34:09.412637,H,Up,696911656
tamara,22.0,dslhbyj,2018-06-03 13:34:09.412637,B,Down,696911750
tamara,22.0,dslhbyj,2018-06-03 13:34:09.412637,B,Up,696911843
tamara,22.0,dslhbyj,2018-06-03 13:34:09.412637,Y,Down,696911968
tamara,22.0,dslhbyj,2018-06-03 13:34:09.412637,Y,Up,696912062
tamara,22.0,dslhbyj,2018-06-03 13:34:09.412637,J,Down,696912156
tamara,22.0,dslhbyj,2018-06-03 13:34:09.412637,J,Up,696912250
tamara,23.0,dslhbyj,2018-06-03 13:34:11.670774,D,Down,696912968
tamara,23.0,dslhbyj,2018-06-03 13:34:11.670774,D,Up,696913078
tamara,23.0,dslhbyj,2018-06-03 13:34:11.670774,S,Down,696913187
tamara,23.0,dslhbyj,2018-06-03 13:34:11.670774,S,Up,696913296
tamara,23.0,dslhbyj,2018-06-03 13:34:11.670774,L,Down,696913500
tamara,23.0,dslhbyj,2018-06-03 13:34:11.670774,L,Up,696913593
tamara,23.0,dslhbyj,2018-06-03 13:34:11.670774,H,Down,696913843
tamara,23.0,dslhbyj,2018-06-03 13:34:11.670774,H,Up,696913921
tamara,23.0,dslhbyj,2018-06-03 13:34:11.670774,B,Down,696914015
tamara,23.0,dslhbyj,2018-06-03 13:34:11.670774,B,Up,696914093
tamara,23.0,dslhbyj,2018-06-03 13:34:11.670774,Y,Down,696914218
tamara,23.0,dslhbyj,2018-06-03 13:34:11.670774,Y,Up,696914296
tamara,23.0,dslhbyj,2018-06-03 13:34:11.670774,J,Down,696914421
tamara,23.0,dslhbyj,2018-06-03 13:34:11.670774,J,Up,696914500
tamara,24.0,dslhbyj,2018-06-03 13:34:14.034587,D,Down,696915187
tamara,24.0,dslhbyj,2018-06-03 13:34:14.034587,D,Up,696915281
tamara,24.0,dslhbyj,2018-06-03 13:34:14.034587,S,Down,696915406
tamara,24.0,dslhbyj,2018-06-03 13:34:14.034587,S,Up,696915515
tamara,24.0,dslhbyj,2018-06-03 13:34:14.034587,L,Down,696915765
tamara,24.0,dslhbyj,2018-06-03 13:34:14.034587,L,Up,696915859
tamara,24.0,dslhbyj,2018-06-03 13:34:14.034587,H,Down,696916171
tamara,24.0,dslhbyj,2018-06-03 13:34:14.034587,H,Up,696916265
tamara,24.0,dslhbyj,2018-06-03 13:34:14.034587,B,Down,696916359
tamara,24.0,dslhbyj,2018-06-03 13:34:14.034587,B,Up,696916453
tamara,24.0,dslhbyj,2018-06-03 13:34:14.034587,Y,Down,696916578
tamara,24.0,dslhbyj,2018-06-03 13:34:14.034587,Y,Up,696916671
tamara,24.0,dslhbyj,2018-06-03 13:34:14.034587,J,Down,696916796
tamara,24.0,dslhbyj,2018-06-03 13:34:14.034587,J,Up,696916875
tamara,25.0,dslhbyj,2018-06-03 13:34:18.205279,D,Down,696919531
tamara,25.0,dslhbyj,2018-06-03 13:34:18.205279,D,Up,696919625
tamara,25.0,dslhbyj,2018-06-03 13:34:18.205279,S,Down,696919718
tamara,25.0,dslhbyj,2018-06-03 13:34:18.205279,S,Up,696919828
tamara,25.0,dslhbyj,2018-06-03 13:34:18.205279,L,Down,696920078
tamara,25.0,dslhbyj,2018-06-03 13:34:18.205279,L,Up,696920156
tamara,25.0,dslhbyj,2018-06-03 13:34:18.205279,H,Down,696920406
tamara,25.0,dslhbyj,2018-06-03 13:34:18.205279,H,Up,696920484
tamara,25.0,dslhbyj,2018-06-03 13:34:18.205279,B,Down,696920578
tamara,25.0,dslhbyj,2018-06-03 13:34:18.205279,B,Up,696920656
tamara,25.0,dslhbyj,2018-06-03 13:34:18.205279,Y,Down,696920781
tamara,25.0,dslhbyj,2018-06-03 13:34:18.205279,Y,Up,696920859
tamara,25.0,dslhbyj,2018-06-03 13:34:18.205279,J,Down,696920968
tamara,25.0,dslhbyj,2018-06-03 13:34:18.205279,J,Up,696921046
tamara,26.0,dslhbyj,2018-06-03 13:34:20.438792,D,Down,696921750
tamara,26.0,dslhbyj,2018-06-03 13:34:20.438792,D,Up,696921843
tamara,26.0,dslhbyj,2018-06-03 13:34:20.438792,S,Down,696921937
tamara,26.0,dslhbyj,2018-06-03 13:34:20.438792,S,Up,696922046
tamara,26.0,dslhbyj,2018-06-03 13:34:20.438792,L,Down,696922281
tamara,26.0,dslhbyj,2018-06-03 13:34:20.438792,L,Up,696922375
tamara,26.0,dslhbyj,2018-06-03 13:34:20.438792,H,Down,696922625
tamara,26.0,dslhbyj,2018-06-03 13:34:20.438792,H,Up,696922703
tamara,26.0,dslhbyj,2018-06-03 13:34:20.438792,B,Down,696922812
tamara,26.0,dslhbyj,2018-06-03 13:34:20.438792,B,Up,696922890
tamara,26.0,dslhbyj,2018-06-03 13:34:20.438792,Y,Down,696923000
tamara,26.0,dslhbyj,2018-06-03 13:34:20.438792,Y,Up,696923093
tamara,26.0,dslhbyj,2018-06-03 13:34:20.438792,J,Down,696923187
tamara,26.0,dslhbyj,2018-06-03 13:34:20.438792,J,Up,696923296
tamara,27.0,dslhbyj,2018-06-03 13:34:22.653616,D,Down,696923968
tamara,27.0,dslhbyj,2018-06-03 13:34:22.653616,D,Up,696924046
tamara,27.0,dslhbyj,2018-06-03 13:34:22.653616,S,Down,696924156
tamara,27.0,dslhbyj,2018-06-03 13:34:22.653616,S,Up,696924281
tamara,27.0,dslhbyj,2018-06-03 13:34:22.653616,L,Down,696924468
tamara,27.0,dslhbyj,2018-06-03 13:34:22.653616,L,Up,696924562
tamara,27.0,dslhbyj,2018-06-03 13:34:22.653616,H,Down,696924796
tamara,27.0,dslhbyj,2018-06-03 13:34:22.653616,H,Up,696924875
tamara,27.0,dslhbyj,2018-06-03 13:34:22.653616,B,Down,696925000
tamara,27.0,dslhbyj,2018-06-03 13:34:22.653616,B,Up,696925078
tamara,27.0,dslhbyj,2018-06-03 13:34:22.653616,Y,Down,696925187
tamara,27.0,dslhbyj,2018-06-03 13:34:22.653616,Y,Up,696925281
tamara,27.0,dslhbyj,2018-06-03 13:34:22.653616,J,Down,696925390
tamara,27.0,dslhbyj,2018-06-03 13:34:22.653616,J,Up,696925484
tamara,28.0,dslhbyj,2018-06-03 13:34:25.014620,D,Down,696926218
tamara,28.0,dslhbyj,2018-06-03 13:34:25.014620,D,Up,696926312
tamara,28.0,dslhbyj,2018-06-03 13:34:25.014620,S,Down,696926406
tamara,28.0,dslhbyj,2018-06-03 13:34:25.014620,S,Up,696926500
tamara,28.0,dslhbyj,2018-06-03 13:34:25.014620,L,Down,696926703
tamara,28.0,dslhbyj,2018-06-03 13:34:25.014620,L,Up,696926796
tamara,28.0,dslhbyj,2018-06-03 13:34:25.014620,H,Down,696927140
tamara,28.0,dslhbyj,2018-06-03 13:34:25.014620,H,Up,696927218
tamara,28.0,dslhbyj,2018-06-03 13:34:25.014620,B,Down,696927312
tamara,28.0,dslhbyj,2018-06-03 13:34:25.014620,B,Up,696927406
tamara,28.0,dslhbyj,2018-06-03 13:34:25.014620,Y,Down,696927531
tamara,28.0,dslhbyj,2018-06-03 13:34:25.014620,Y,Up,696927625
tamara,28.0,dslhbyj,2018-06-03 13:34:25.014620,J,Down,696927718
tamara,28.0,dslhbyj,2018-06-03 13:34:25.014620,J,Up,696927828
tamara,29.0,dslhbyj,2018-06-03 13:34:27.334349,D,Down,696928640
tamara,29.0,dslhbyj,2018-06-03 13:34:27.334349,D,Up,696928718
tamara,29.0,dslhbyj,2018-06-03 13:34:27.334349,S,Down,696928812
tamara,29.0,dslhbyj,2018-06-03 13:34:27.334349,S,Up,696928921
tamara,29.0,dslhbyj,2018-06-03 13:34:27.334349,L,Down,696929156
tamara,29.0,dslhbyj,2018-06-03 13:34:27.334349,L,Up,696929234
tamara,29.0,dslhbyj,2018-06-03 13:34:27.334349,H,Down,696929500
tamara,29.0,dslhbyj,2018-06-03 13:34:27.334349,H,Up,696929578
tamara,29.0,dslhbyj,2018-06-03 13:34:27.334349,B,Down,696929703
tamara,29.0,dslhbyj,2018-06-03 13:34:27.334349,B,Up,696929781
tamara,29.0,dslhbyj,2018-06-03 13:34:27.334349,Y,Down,696929890
tamara,29.0,dslhbyj,2018-06-03 13:34:27.334349,Y,Up,696929984
tamara,29.0,dslhbyj,2018-06-03 13:34:27.334349,J,Down,696930093
tamara,29.0,dslhbyj,2018-06-03 13:34:27.334349,J,Up,696930187
tamara,30.0,dslhbyj,2018-06-03 13:34:29.535072,D,Down,696930890
tamara,30.0,dslhbyj,2018-06-03 13:34:29.535072,D,Up,696930984
tamara,30.0,dslhbyj,2018-06-03 13:34:29.535072,S,Down,696931078
tamara,30.0,dslhbyj,2018-06-03 13:34:29.535072,S,Up,696931187
tamara,30.0,dslhbyj,2018-06-03 13:34:29.535072,L,Down,696931390
tamara,30.0,dslhbyj,2018-06-03 13:34:29.535072,L,Up,696931484
tamara,30.0,dslhbyj,2018-06-03 13:34:29.535072,H,Down,696931703
tamara,30.0,dslhbyj,2018-06-03 13:34:29.535072,H,Up,696931781
tamara,30.0,dslhbyj,2018-06-03 13:34:29.535072,B,Down,696931890
tamara,30.0,dslhbyj,2018-06-03 13:34:29.535072,B,Up,696931968
tamara,30.0,dslhbyj,2018-06-03 13:34:29.535072,Y,Down,696932093
tamara,30.0,dslhbyj,2018-06-03 13:34:29.535072,Y,Up,696932187
tamara,30.0,dslhbyj,2018-06-03 13:34:29.535072,J,Down,696932296
tamara,30.0,dslhbyj,2018-06-03 13:34:29.535072,J,Up,696932390
tamara,31.0,dslhbyj,2018-06-03 13:34:31.746900,D,Down,696933125
tamara,31.0,dslhbyj,2018-06-03 13:34:31.746900,D,Up,696933218
tamara,31.0,dslhbyj,2018-06-03 13:34:31.746900,S,Down,696933296
tamara,31.0,dslhbyj,2018-06-03 13:34:31.746900,S,Up,696933437
tamara,31.0,dslhbyj,2018-06-03 13:34:31.746900,L,Down,696933640
tamara,31.0,dslhbyj,2018-06-03 13:34:31.746900,L,Up,696933734
tamara,31.0,dslhbyj,2018-06-03 13:34:31.746900,H,Down,696933953
tamara,31.0,dslhbyj,2018-06-03 13:34:31.746900,H,Up,696934031
tamara,31.0,dslhbyj,2018-06-03 13:34:31.746900,B,Down,696934140
tamara,31.0,dslhbyj,2018-06-03 13:34:31.746900,B,Up,696934218
tamara,31.0,dslhbyj,2018-06-03 13:34:31.746900,Y,Down,696934359
tamara,31.0,dslhbyj,2018-06-03 13:34:31.746900,Y,Up,696934437
tamara,31.0,dslhbyj,2018-06-03 13:34:31.746900,J,Down,696934531
tamara,31.0,dslhbyj,2018-06-03 13:34:31.746900,J,Up,696934625
tamara,32.0,dslhbyj,2018-06-03 13:34:33.847013,D,Down,696935328
tamara,32.0,dslhbyj,2018-06-03 13:34:33.847013,D,Up,696935421
tamara,32.0,dslhbyj,2018-06-03 13:34:33.847013,S,Down,696935515
tamara,32.0,dslhbyj,2018-06-03 13:34:33.847013,S,Up,696935640
tamara,32.0,dslhbyj,2018-06-03 13:34:33.847013,L,Down,696935781
tamara,32.0,dslhbyj,2018-06-03 13:34:33.847013,L,Up,696935875
tamara,32.0,dslhbyj,2018-06-03 13:34:33.847013,H,Down,696936078
tamara,32.0,dslhbyj,2018-06-03 13:34:33.847013,H,Up,696936171
tamara,32.0,dslhbyj,2018-06-03 13:34:33.847013,B,Down,696936265
tamara,32.0,dslhbyj,2018-06-03 13:34:33.847013,B,Up,696936343
tamara,32.0,dslhbyj,2018-06-03 13:34:33.847013,Y,Down,696936453
tamara,32.0,dslhbyj,2018-06-03 13:34:33.847013,Y,Up,696936531
tamara,32.0,dslhbyj,2018-06-03 13:34:33.847013,J,Down,696936640
tamara,32.0,dslhbyj,2018-06-03 13:34:33.847013,J,Up,696936734
george,17.0,dslhbyj,2018-06-03 15:36:04.951884,D,Down,704226390
george,17.0,dslhbyj,2018-06-03 15:36:04.951884,S,Down,704226484
george,17.0,dslhbyj,2018-06-03 15:36:04.951884,D,Up,704226546
george,17.0,dslhbyj,2018-06-03 15:36:04.951884,S,Up,704226593
george,17.0,dslhbyj,2018-06-03 15:36:04.951884,L,Down,704226687
george,17.0,dslhbyj,2018-06-03 15:36:04.951884,L,Up,704226781
george,17.0,dslhbyj,2018-06-03 15:36:04.951884,H,Down,704226906
george,17.0,dslhbyj,2018-06-03 15:36:04.951884,H,Up,704227000
george,17.0,dslhbyj,2018-06-03 15:36:04.951884,B,Down,704227046
george,17.0,dslhbyj,2018-06-03 15:36:04.951884,B,Up,704227140
george,17.0,dslhbyj,2018-06-03 15:36:04.951884,Y,Down,704227156
george,17.0,dslhbyj,2018-06-03 15:36:04.951884,Y,Up,704227250
george,17.0,dslhbyj,2018-06-03 15:36:04.951884,J,Down,704227281
george,17.0,dslhbyj,2018-06-03 15:36:04.951884,J,Up,704227359
george,18.0,dslhbyj,2018-06-03 15:36:06.952459,D,Down,704228859
george,18.0,dslhbyj,2018-06-03 15:36:06.952459,S,Down,704228921
george,18.0,dslhbyj,2018-06-03 15:36:06.952459,D,Up,704228968
george,18.0,dslhbyj,2018-06-03 15:36:06.952459,S,Up,704229015
george,18.0,dslhbyj,2018-06-03 15:36:06.952459,L,Down,704229281
george,18.0,dslhbyj,2018-06-03 15:36:06.952459,L,Up,704229359
george,18.0,dslhbyj,2018-06-03 15:36:06.952459,H,Down,704229484
george,18.0,dslhbyj,2018-06-03 15:36:06.952459,H,Up,704229578
george,18.0,dslhbyj,2018-06-03 15:36:06.952459,B,Down,704229640
george,18.0,dslhbyj,2018-06-03 15:36:06.952459,B,Up,704229734
george,18.0,dslhbyj,2018-06-03 15:36:06.952459,Y,Down,704229734
george,18.0,dslhbyj,2018-06-03 15:36:06.952459,Y,Up,704229828
george,18.0,dslhbyj,2018-06-03 15:36:06.952459,J,Down,704229843
george,18.0,dslhbyj,2018-06-03 15:36:06.952459,J,Up,704229921
george,19.0,dslhbyj,2018-06-03 15:36:08.665478,D,Down,704230703
george,19.0,dslhbyj,2018-06-03 15:36:08.665478,S,Down,704230781
george,19.0,dslhbyj,2018-06-03 15:36:08.665478,D,Up,704230828
george,19.0,dslhbyj,2018-06-03 15:36:08.665478,S,Up,704230890
george,19.0,dslhbyj,2018-06-03 15:36:08.665478,L,Down,704231015
george,19.0,dslhbyj,2018-06-03 15:36:08.665478,L,Up,704231093
george,19.0,dslhbyj,2018-06-03 15:36:08.665478,H,Down,704231218
george,19.0,dslhbyj,2018-06-03 15:36:08.665478,H,Up,704231296
george,19.0,dslhbyj,2018-06-03 15:36:08.665478,B,Down,704231343
george,19.0,dslhbyj,2018-06-03 15:36:08.665478,B,Up,704231437
george,19.0,dslhbyj,2018-06-03 15:36:08.665478,Y,Down,704231453
george,19.0,dslhbyj,2018-06-03 15:36:08.665478,J,Down,704231562
george,19.0,dslhbyj,2018-06-03 15:36:08.665478,Y,Up,704231562
george,19.0,dslhbyj,2018-06-03 15:36:08.665478,J,Up,704231640
george,20.0,dslhbyj,2018-06-03 15:36:10.200456,D,Down,704232234
george,20.0,dslhbyj,2018-06-03 15:36:10.200456,S,Down,704232296
george,20.0,dslhbyj,2018-06-03 15:36:10.200456,D,Up,704232343
george,20.0,dslhbyj,2018-06-03 15:36:10.200456,S,Up,704232390
george,20.0,dslhbyj,2018-06-03 15:36:10.200456,L,Down,704232562
george,20.0,dslhbyj,2018-06-03 15:36:10.200456,L,Up,704232640
george,20.0,dslhbyj,2018-06-03 15:36:10.200456,H,Down,704232765
george,20.0,dslhbyj,2018-06-03 15:36:10.200456,H,Up,704232828
george,20.0,dslhbyj,2018-06-03 15:36:10.200456,B,Down,704232890
george,20.0,dslhbyj,2018-06-03 15:36:10.200456,B,Up,704233000
george,20.0,dslhbyj,2018-06-03 15:36:10.200456,Y,Down,704233000
george,20.0,dslhbyj,2018-06-03 15:36:10.200456,Y,Up,704233093
george,20.0,dslhbyj,2018-06-03 15:36:10.200456,J,Down,704233109
george,20.0,dslhbyj,2018-06-03 15:36:10.200456,J,Up,704233203
